{"cameraMode":{"drawMode":0,"name":"Shaded","section":"Shading Mode"},"sceneLighting":true,"audioPlay":false,"sceneViewState":{"showFog":true,"showMaterialUpdate":false,"showSkybox":true,"showFlares":true,"showImageEffects":true,"showParticleSystems":true},"in2DMode":false,"pivot":{"x":9.301347732543946,"y":-6.670913219451904,"z":24.26674461364746},"rotation":{"x":-0.17191161215305329,"y":-0.6045031547546387,"z":0.14147549867630006,"w":-0.765368640422821},"size":1.4892489910125733,"orthographic":false}